number,id,delta,x_coord,y_coord
0,881f8d4581fffff,1,48.12500860570914,11.515835823754754
1,881f8d44c3fffff,4,48.181652147235695,11.572290326157123
2,881f8d45d5fffff,-1,48.1385379569946,11.521700265437794
3,881f8d4593fffff,-3,48.12586145649906,11.560800501730284
4,881f8d44a1fffff,-6,48.14699864814944,11.563605494724701
5,881f8d4535fffff,5,48.1139669417582,11.441020154857855
6,881f8d7ae9fffff,1,48.106370929590625,11.647929694960437
7,881f8d44e7fffff,-1,48.15629617139376,11.548522083003938